{
  "game": "minecraft",
  "formatVersion": 1,
  "versionId": "26.01.27",
  "name": "Basic Optimized",
  "files": [
    {
      "path": "mods/placeholder-api-2.8.1+1.21.10.jar",
      "hashes": {
        "sha512": "92606640457931698f272e4e8866b5357767360e78a3eed8b3bd490e8a17bfeaefdc0bd444ac8ba4f51b7f9f1eb7f22337e034b409939db3601269d4b53ad22c",
        "sha1": "4950367323147265b272ad2156bf1a343db3f64c"
      },
      "env": {
        "client": "required",
        "server": "required"
      },
      "downloads": [
        "https://cdn.modrinth.com/data/eXts2L7r/versions/T5pDJV1K/placeholder-api-2.8.1%2B1.21.10.jar"
      ],
      "fileSize": 267926
    },
    {
      "path": "mods/ViaFabricPlus-4.4.4.jar",
      "hashes": {
        "sha1": "a8b950a24be7a5ab7cd09ff3189965ae31f224cc",
        "sha512": "737ca213881a5606b6b5d5abc8fc68bba220b1b3060eb089a00b79d9dca184fc63b9e6888d26e03681fb35d8037fea4938cbe86c52b5781f5965f24d3259dd55"
      },
      "env": {
        "server": "required",
        "client": "required"
      },
      "downloads": [
        "https://cdn.modrinth.com/data/rIC2XJV4/versions/FjnISfnJ/ViaFabricPlus-4.4.4.jar"
      ],
      "fileSize": 25982873
    },
    {
      "path": "mods/MouseTweaks-fabric-mc1.21.11-2.30.jar",
      "hashes": {
        "sha1": "86515de45fe960bd717deea0954055106e857b81",
        "sha512": "bc2202d067f997a191d6e435d326e12cc5756b72c076e0e342e9f3119dbeb29de7b77fac62d8b48a60e657c79e35bc7e248df969d43f9b5e53492f7890fc2b9c"
      },
      "env": {
        "server": "required",
        "client": "required"
      },
      "downloads": [
        "https://cdn.modrinth.com/data/aC3cM3Vq/versions/i1duwnJl/MouseTweaks-fabric-mc1.21.11-2.30.jar"
      ],
      "fileSize": 75618
    },
    {
      "path": "mods/iris-fabric-1.10.5+mc1.21.11.jar",
      "hashes": {
        "sha1": "8f56581bb74c845b702d07488cd9b8adffaae497",
        "sha512": "e42a65e03c324c44847255e255dba4e75d65093bccd2b4e4804f297bf8505e218fbd5a600b8dda8fbe73229eb90ae710c7133e43aa2029b961a686600539ed79"
      },
      "env": {
        "server": "required",
        "client": "required"
      },
      "downloads": [
        "https://cdn.modrinth.com/data/YL57xq9U/versions/ZQx4ktUs/iris-fabric-1.10.5%2Bmc1.21.11.jar"
      ],
      "fileSize": 2798880
    },
    {
      "path": "mods/GpuTape-1.0.6.1-1.21.8-1.21.10.jar",
      "hashes": {
        "sha1": "1edc85f646ff18d6a0be03c349241a6be7a250af",
        "sha512": "21b1d1f4299d96a96e04ebde389f9409de2ec2a1696be27cf0df0cc26487c105486fd5f8c8e0e8790b2cbd366ba92b758b532bf6e002a83084954a20b922a43a"
      },
      "env": {
        "client": "required",
        "server": "required"
      },
      "downloads": [
        "https://cdn.modrinth.com/data/5CTSrY8X/versions/dV5wJGOp/GpuTape-1.0.6.1-1.21.8-1.21.10.jar"
      ],
      "fileSize": 22826
    },
    {
      "path": "mods/bbe-1.3.0-rc.2+1.21.11.jar",
      "hashes": {
        "sha1": "aba98d36e790bd9c9f117c731ca0fc76874079c9",
        "sha512": "58dbe206c33191a2f742c25070b04337718fffcfa2c290143f0acbaca6db7aaa65c83731dc2756ae5d5d4f80afbc51381e8552b7f9055bcd803e0efd07fb74f5"
      },
      "env": {
        "client": "required",
        "server": "required"
      },
      "downloads": [
        "https://cdn.modrinth.com/data/ONZm0H7Y/versions/6wjGquEh/bbe-1.3.0-rc.2%2B1.21.11.jar"
      ],
      "fileSize": 130737
    },
    {
      "path": "mods/language-reload-1.7.5+1.21.11.jar",
      "hashes": {
        "sha512": "aa8e4899b3bfa7488da2672a8bda9101d48c9eabe144eddb314eb12f10829425bae1a4a3c7d8a7929c28b3f93c3df72aefd871b9029780d35cfe09305eb7d659",
        "sha1": "7761723086c7c89e844a0f05166d5a1b8e5edad1"
      },
      "env": {
        "server": "required",
        "client": "required"
      },
      "downloads": [
        "https://cdn.modrinth.com/data/uLbm7CG6/versions/rDLJu2uE/language-reload-1.7.5%2B1.21.11.jar"
      ],
      "fileSize": 76765
    },
    {
      "path": "mods/puzzle-fabric-2.3.0+1.21.11.jar",
      "hashes": {
        "sha1": "38ac343fa4d93c405549c355b1d39b536978ed64",
        "sha512": "f8b55899f1c29f8c3387b009d7a80cdbb57d51184da4b7c680172102f1958bc5f86a501ca9987ea20ffc48222afcfa8a0d8db9042d3d4c0ae682e598441c6068"
      },
      "env": {
        "client": "required",
        "server": "required"
      },
      "downloads": [
        "https://cdn.modrinth.com/data/3IuO68q1/versions/Y9KybGCk/puzzle-fabric-2.3.0%2B1.21.11.jar"
      ],
      "fileSize": 141225
    },
    {
      "path": "mods/noisium-fabric-2.8.3+mc1.21.11.jar",
      "hashes": {
        "sha1": "2851c7824664bc970367f89710ffd569f49a761c",
        "sha512": "03d4c116204ee8cb4f95b668576c9e8c099ed939c150ff0cf4ff094ae52b0c5f6214c1292c94f25ea7f614254151d1ff2db68ecaddc9f56486189d29fa3a24eb"
      },
      "env": {
        "client": "required",
        "server": "required"
      },
      "downloads": [
        "https://cdn.modrinth.com/data/hasdd01q/versions/VyMvRQKq/noisium-fabric-2.8.3%2Bmc1.21.11.jar"
      ],
      "fileSize": 225560
    },
    {
      "path": "mods/entity_model_features_1.21.11-fabric-3.0.10.jar",
      "hashes": {
        "sha512": "e3af1864b9d0f84dee71a62f99037282c8e0621bbcfb44390c83f2873880f20130a194745f53326284dc4249407741f4e6fa607846b351f02cbd3f974adcdf2b",
        "sha1": "f9e8abe9d5768f18791e7fcd9afa05b72c4561a5"
      },
      "env": {
        "client": "required",
        "server": "required"
      },
      "downloads": [
        "https://cdn.modrinth.com/data/4I1XuqiY/versions/fw5ejGT7/entity_model_features_1.21.11-fabric-3.0.10.jar"
      ],
      "fileSize": 495879
    },
    {
      "path": "mods/clientsort-fabric-2.1.6+1.21.11.jar",
      "hashes": {
        "sha1": "cd9e4599933aa5b115435f6538341fbd02bf1341",
        "sha512": "f4aec4875d3ec579fbd2f9fe39190b809fcc9610d3a9db8a66d9e4def64aed56395ae77a7e6fa3bee70ecdeeedb708e00ab6be13e0f14ed76070505171d157f0"
      },
      "env": {
        "client": "required",
        "server": "required"
      },
      "downloads": [
        "https://cdn.modrinth.com/data/K0AkAin6/versions/U0CjuW4H/clientsort-fabric-2.1.6%2B1.21.11.jar"
      ],
      "fileSize": 334223
    },
    {
      "path": "mods/ImmediatelyFast-Fabric-1.14.1+1.21.11.jar",
      "hashes": {
        "sha512": "6534609849c4b33951d3b6ce0c83dd9272181f8d1d9d8cf39bbca8b5a2e3cbb498200d36844454bb3e52e4943fc9a556f52674b53be4f07fe897f0bf5689ea66",
        "sha1": "c090d0239ece01f4db5827b3df5455117d58d919"
      },
      "env": {
        "server": "required",
        "client": "required"
      },
      "downloads": [
        "https://cdn.modrinth.com/data/5ZwdcRci/versions/XCnavm6o/ImmediatelyFast-Fabric-1.14.1%2B1.21.11.jar"
      ],
      "fileSize": 308452
    },
    {
      "path": "mods/mcwifipnp-1.9.8-1.21.11-fabric.jar",
      "hashes": {
        "sha512": "8334b9d853bcd74ec14b817685e75cc580f27fa5b0dcdbd0dcf4ccf4e983feb7b4302d4ac03a8e753197320f601a0b1f88a5c07e7efae6ce96b0883d6ba69cd9",
        "sha1": "5f80ddc4ae7a653e190da85f7858ae9f8ed84f1c"
      },
      "env": {
        "server": "required",
        "client": "required"
      },
      "downloads": [
        "https://cdn.modrinth.com/data/RTWpcTBp/versions/E4vQK4Ec/mcwifipnp-1.9.8-1.21.11-fabric.jar"
      ],
      "fileSize": 129250
    },
    {
      "path": "mods/anvianslib-fabric-1.21.10-1.4.jar",
      "hashes": {
        "sha512": "3193b3628953769eefc5bfe7df3a0ea3aac6cadab6acda5f7b3d7ea31f36e1353e58c8e46aaec2d4d6e24895a9a5c50ef3e1f636aa8b3479daacc5c7beb2be8b",
        "sha1": "1ae6ad4d2c09f466fce1722b3e88cdcc54a9d3d5"
      },
      "env": {
        "server": "required",
        "client": "required"
      },
      "downloads": [
        "https://cdn.modrinth.com/data/PuTjrq4T/versions/sxNNgRCw/anvianslib-fabric-1.21.10-1.4.jar"
      ],
      "fileSize": 30441
    },
    {
      "path": "mods/fast-ip-ping-v1.0.8-mc1.21.11-fabric.jar",
      "hashes": {
        "sha1": "451daa1da7470dea8c1de97708e009f840f3130d",
        "sha512": "e169c6252d655b0ecf76717faa206270b99f23b29979ca70d76b1830fef5a06fe9579d23fdaa85fb789bc6e54f25332c039b68d2f55275da627dee474a9fb9e8"
      },
      "env": {
        "client": "required",
        "server": "required"
      },
      "downloads": [
        "https://cdn.modrinth.com/data/9mtu0sUO/versions/qtIKi2T9/fast-ip-ping-v1.0.8-mc1.21.11-fabric.jar"
      ],
      "fileSize": 10375
    },
    {
      "path": "mods/continuity-3.0.1-beta.1+1.21.11.jar",
      "hashes": {
        "sha512": "b092e95668bf5e32d531842d920e99f865213eaf3e7c26759b51e5a95ef2702c2c0485bba6d8adf4543e8d71680d5a05fad68e94159e8e507033b516b736eb60",
        "sha1": "51d34c3f2035db0c7fca321b2d94f01b5167707c"
      },
      "env": {
        "server": "required",
        "client": "required"
      },
      "downloads": [
        "https://cdn.modrinth.com/data/1IjD5062/versions/mX1iknM1/continuity-3.0.1-beta.1%2B1.21.11.jar"
      ],
      "fileSize": 997125
    },
    {
      "path": "mods/modernfix-5.25.2-build.4.jar",
      "hashes": {
        "sha512": "0d65c05ac0475408c58ef54215714e6301113101bf98bfe4bb2ba949fbfddd98225ac4e2093a5f9206a9e01ba80a931424b237bdfa3b6e178c741ca6f7f8c6a3",
        "sha1": "2ed10989c8ece2460413ed35538972157732a339"
      },
      "env": {
        "client": "required",
        "server": "required"
      },
      "downloads": [
        "https://cdn.modrinth.com/data/TjSm1wrD/versions/JwSO8JCN/modernfix-5.25.2-build.4.jar"
      ],
      "fileSize": 627243
    },
    {
      "path": "mods/paginatedadvancements-2.8.0+1.21.11.jar",
      "hashes": {
        "sha512": "0dc5340ac9a1487ace42faa07c46e974a0771263f598398fbea10dccf608e5b344ec19b74b8f1ee7adceb754087c5d0bfac924b12ccbb933e4dc5051e3a87d34",
        "sha1": "ac6c5721f567e679f3406b12c96c15a1341cb586"
      },
      "env": {
        "client": "required",
        "server": "required"
      },
      "downloads": [
        "https://cdn.modrinth.com/data/pJogNFap/versions/wXMkMWnp/paginatedadvancements-2.8.0%2B1.21.11.jar"
      ],
      "fileSize": 80039
    },
    {
      "path": "mods/modmenu-17.0.0-beta.2.jar",
      "hashes": {
        "sha1": "632c7565ba0fbc033aa4574e1ae6919f277fe03b",
        "sha512": "27cc0fd2c9426e8eba70f96b9d31e6dd756819cc44338b8948167e93fb6e22416d10d2e8c63f7c689c2aca2c27bdb6864d974b92e3f79b3027d23eee1bfbdb2e"
      },
      "env": {
        "client": "required",
        "server": "required"
      },
      "downloads": [
        "https://cdn.modrinth.com/data/mOgUt4GM/versions/JWQVh32x/modmenu-17.0.0-beta.2.jar"
      ],
      "fileSize": 1115052
    },
    {
      "path": "mods/cloth-config-21.11.153-fabric.jar",
      "hashes": {
        "sha1": "4c224606a963bce223db5b27edb4959ecf40d4ee",
        "sha512": "8f455489d4b71069e998568cf4e1450116f4360a4eb481cd89117f629c6883164886cf63ca08ac4fc929dd13d1112152755a6216d4a1498ee6406ef102093e51"
      },
      "env": {
        "client": "required",
        "server": "required"
      },
      "downloads": [
        "https://cdn.modrinth.com/data/9s6osm5g/versions/xuX40TN5/cloth-config-21.11.153-fabric.jar"
      ],
      "fileSize": 1148427
    },
    {
      "path": "mods/sodium-extra-information-fabric-2.7.0.jar",
      "hashes": {
        "sha512": "3e428557a28000bbbcbbc3f708a011ed81dd4914308aea08c1aab85ca2a8d367ae28d02adf526b44c8006305168e0a55af1a2d83b79eb8fe0045756bd21fb6cc",
        "sha1": "baa62df7d569005255fa63c258a6c9623d99c94e"
      },
      "env": {
        "server": "required",
        "client": "required"
      },
      "downloads": [
        "https://cdn.modrinth.com/data/696WgnvT/versions/rPahSGFI/sodium-extra-information-fabric-2.7.0.jar"
      ],
      "fileSize": 63242
    },
    {
      "path": "mods/sodium-fabric-0.8.4+mc1.21.11.jar",
      "hashes": {
        "sha512": "c882e07f09ccc04b6258e79979a8e1429018de5b09da5fccea189d0a5de60ea5475f1884fc724f4d3ababc8abe730b9856d5e4864c3e418b21871dbaed21f0c3",
        "sha1": "c0a8ac43af978f8d8245bf033670944eb90d7b2e"
      },
      "env": {
        "client": "required",
        "server": "required"
      },
      "downloads": [
        "https://cdn.modrinth.com/data/AANobbMI/versions/1OWNgWVR/sodium-fabric-0.8.4%2Bmc1.21.11.jar"
      ],
      "fileSize": 1867803
    },
    {
      "path": "mods/forcecloseloadingscreen-2.3.4.jar",
      "hashes": {
        "sha512": "bea54348d6141bb382db5525177f1b19b6a9b8bbe6f8cf2ee000752fa1558d740fe9d79290edf8c6ab49edd53b18337f765af0cd5b2a3635295b3a8e9c85755a",
        "sha1": "37d86edf9e5fd74168d98c9578926142280e3559"
      },
      "env": {
        "server": "required",
        "client": "required"
      },
      "downloads": [
        "https://cdn.modrinth.com/data/blWBX5n1/versions/6ZFi5jQ5/forcecloseloadingscreen-2.3.4.jar"
      ],
      "fileSize": 116793
    },
    {
      "path": "mods/CustomSkinLoader_Fabric-14.27.jar",
      "hashes": {
        "sha1": "1d6739052adf3115dd134a9c7f84fe1319ff2687",
        "sha512": "b29d25caf4418428ed07ec2e8645f58632518a907a66d2526c2edec894f1b0bc62c784abcca4cfccfdacb00ebef8cb73c0dec3679683923d09c999fb6fb22453"
      },
      "env": {
        "server": "required",
        "client": "required"
      },
      "downloads": [
        "https://cdn.modrinth.com/data/idMHQ4n2/versions/Fsrt5ueW/CustomSkinLoader_Fabric-14.27.jar"
      ],
      "fileSize": 190419
    },
    {
      "path": "mods/cullleaves-fabric-4.1.1.1+1.21.11.jar",
      "hashes": {
        "sha1": "1688609730252ca33c2ccfa568a82afff3871215",
        "sha512": "5d9116d59be0d002bf83db26a66abc5d153f74db85806543996217f961c6238e44555bf360ff10f517a3c9e4a276d63e01cf1100fcc7bda52d1c87422fc8c86e"
      },
      "env": {
        "server": "required",
        "client": "required"
      },
      "downloads": [
        "https://cdn.modrinth.com/data/GNxdLCoP/versions/yrL6pwHZ/cullleaves-fabric-4.1.1.1%2B1.21.11.jar"
      ],
      "fileSize": 92537
    },
    {
      "path": "mods/zoomify-2.15.1+1.21.11.jar",
      "hashes": {
        "sha512": "fb0888c8302d97ac6bb5daea5345ab80fbda3b537d9920fefab2b2d35b5bf7ac71a857fa64120de9693419abab4e85d4f25d98eb6bd9a19c778625eb110f4b28",
        "sha1": "7703e9914735142499bde794f192c5ff6e4b8dc7"
      },
      "env": {
        "server": "required",
        "client": "required"
      },
      "downloads": [
        "https://cdn.modrinth.com/data/w7ThoJFB/versions/YphN3CnL/zoomify-2.15.1%2B1.21.11.jar"
      ],
      "fileSize": 874897
    },
    {
      "path": "mods/lambdynamiclights-4.9.1+1.21.11.jar",
      "hashes": {
        "sha1": "f22487846158f62b3485a5a0723ba048326ac00f",
        "sha512": "df006fad702f713fa93feaa21ead00f446aa79e1771b5e049844842c7701d3a8a1b360a996c28f79c79a941e95ef63d27bfc563b5bec2ab8bf96eba0b2232fb8"
      },
      "env": {
        "client": "required",
        "server": "required"
      },
      "downloads": [
        "https://cdn.modrinth.com/data/yBW8D80W/versions/5Tp7kdU0/lambdynamiclights-4.9.1%2B1.21.11.jar"
      ],
      "fileSize": 2144865
    },
    {
      "path": "resourcepacks/Distant Horizons汉化材质包2.4.3-1.16.5-1.21.11.zip",
      "hashes": {
        "sha512": "6fcdef5c3f6128282eb6267aa35b01a90d12dfb1f00aa4c45a8280d1d9d5469c4f0b143341418138d746724047a330eba1ed3ba0c2dbb8ddf659b02e3afe8b21",
        "sha1": "7871649750e3e969bfdff62bac4a1a38d6f52a63"
      },
      "env": {
        "client": "required",
        "server": "required"
      },
      "downloads": [
        "https://cdn.modrinth.com/data/Lk0fz74T/versions/7eCjkSDn/Distant%20Horizons%E6%B1%89%E5%8C%96%E6%9D%90%E8%B4%A8%E5%8C%852.4.3-1.16.5-1.21.11.zip"
      ],
      "fileSize": 263137
    },
    {
      "path": "mods/lithium-fabric-0.21.2+mc1.21.11.jar",
      "hashes": {
        "sha1": "c1f8f61d4b2fac28ab083a927c6b1338598255ed",
        "sha512": "94625510013e0daaf1c2e2b6d8a463c932ff6220f91ba5b0cd5f868658215f046d94d07b3465660f576c4dc27a5aa183dfbdc1c9303f11894b5b25a1dc6c3bb6"
      },
      "env": {
        "client": "required",
        "server": "required"
      },
      "downloads": [
        "https://cdn.modrinth.com/data/gvQqBUqZ/versions/gl30uZvp/lithium-fabric-0.21.2%2Bmc1.21.11.jar"
      ],
      "fileSize": 858481
    },
    {
      "path": "mods/[更好的骑乘 HUD] bettermounthud-1.2.6.jar",
      "hashes": {
        "sha512": "559163398693ad32de171781a461251178216afa31d226bcf037ddfd26ff2e6389cc6bd3c34539cd29928cc1bd27256b802f1f6cbda13ea270d12ff20db32371",
        "sha1": "e32f65110c66a0862617dd137531d20a0697f9a9"
      },
      "env": {
        "client": "required",
        "server": "required"
      },
      "downloads": [
        "https://cdn.modrinth.com/data/kqJFAPU9/versions/rXZxHSEZ/bettermounthud-1.2.6.jar"
      ],
      "fileSize": 21069
    },
    {
      "path": "mods/c2me-fabric-mc1.21.11-0.3.7+alpha.0.7.jar",
      "hashes": {
        "sha1": "dfbcbbd89047e312626e83efdf057956ff1e1017",
        "sha512": "f9543febe2d649a82acd6d5b66189b6a3d820cf24aa503ba493fdb3bbd4e52e30912c4c763fe50006f9a46947ae8cd737d420838c61b93429542573ed67f958e"
      },
      "env": {
        "client": "required",
        "server": "required"
      },
      "downloads": [
        "https://cdn.modrinth.com/data/VSNURh3q/versions/QdLiMUjx/c2me-fabric-mc1.21.11-0.3.7%2Balpha.0.7.jar"
      ],
      "fileSize": 4688603
    },
    {
      "path": "mods/yet_another_config_lib_v3-3.8.2+1.21.11-fabric.jar",
      "hashes": {
        "sha512": "392db7d471030cca27483ecf58c626a14cd73d71a18afe6d4173c6b030948b8a925b36e708d4cc2c897dfa3f20a7f23b999fc18aa6d36c156da29037601153ac",
        "sha1": "f99cda70903f16dd6927a276150b2762b4d5ab66"
      },
      "env": {
        "client": "required",
        "server": "required"
      },
      "downloads": [
        "https://cdn.modrinth.com/data/1eAoo2KR/versions/pHWDw3Vc/yet_another_config_lib_v3-3.8.2%2B1.21.11-fabric.jar"
      ],
      "fileSize": 1126948
    },
    {
      "path": "mods/fzzy_config-0.7.5+1.21.11.jar",
      "hashes": {
        "sha512": "add9d3f149536eefd20b65568bf8e85e3679324379556121226e30ff512baabaf24de123ea7c7c4291a97c2bff7e0d9b510135e780815261b28fd496f6c4ea00",
        "sha1": "7a9b25fb7f9982f1b3680ec2024dfa05f71d107a"
      },
      "env": {
        "server": "required",
        "client": "required"
      },
      "downloads": [
        "https://cdn.modrinth.com/data/hYykXjDp/versions/XSRvROPN/fzzy_config-0.7.5%2B1.21.11.jar"
      ],
      "fileSize": 2368609
    },
    {
      "path": "mods/sodium-extra-fabric-0.8.3+mc1.21.11.jar",
      "hashes": {
        "sha512": "b268a22ec7d27a45142f839ecf9a902c4ead4a5ef01e480f9e042f700a75a12a0db6346914f5445be68136b849a068de88d54823444c5d13268cfc0661854465",
        "sha1": "e8fd1eae0d589393189f64062ca1e46fc03f4ced"
      },
      "env": {
        "server": "required",
        "client": "required"
      },
      "downloads": [
        "https://cdn.modrinth.com/data/PtjYWJkn/versions/yqY1efrC/sodium-extra-fabric-0.8.3%2Bmc1.21.11.jar"
      ],
      "fileSize": 394219
    },
    {
      "path": "mods/entity_texture_features_1.21.11-fabric-7.0.8.jar",
      "hashes": {
        "sha1": "3e6a54539a79f4d80a6458ffc130342fa059d7be",
        "sha512": "a41b2f59d2aae8022a8e107dfd776291d24ba2dcaf2e1b36eb706bb39a7b2f0ab829725d12339a116fdb1f14d643181aa0c9d9930fbc9c9fbd7d61153a52b1c4"
      },
      "env": {
        "client": "required",
        "server": "required"
      },
      "downloads": [
        "https://cdn.modrinth.com/data/BVzZfTc1/versions/q8oFU6IP/entity_texture_features_1.21.11-fabric-7.0.8.jar"
      ],
      "fileSize": 729359
    },
    {
      "path": "mods/DistantHorizons-2.4.5-b-1.21.11-fabric-neoforge.jar",
      "hashes": {
        "sha1": "9c97e5eab78fa8dd176e0f62f00db3e266c468ae",
        "sha512": "a9f673fac1f6f554b7394168cbe726f1a15eb2bbef1b65b3c9979853af8de70bf13a457c88ebdc30b955a071d519e86c631cdbf1dd39cdab7c73b9c2d7f165e1"
      },
      "env": {
        "client": "required",
        "server": "required"
      },
      "downloads": [
        "https://cdn.modrinth.com/data/uCdwusMi/versions/GT3Bm3GN/DistantHorizons-2.4.5-b-1.21.11-fabric-neoforge.jar"
      ],
      "fileSize": 25622435
    },
    {
      "path": "mods/ScalableLux-0.1.6+fabric.c25518a-all.jar",
      "hashes": {
        "sha512": "729515c1e75cf8d9cd704f12b3487ddb9664cf9928e7b85b12289c8fbbc7ed82d0211e1851375cbd5b385820b4fedbc3f617038fff5e30b302047b0937042ae7",
        "sha1": "9df93ab6442fa374c17fab6b5181fe2c215d9d5b"
      },
      "env": {
        "client": "required",
        "server": "required"
      },
      "downloads": [
        "https://cdn.modrinth.com/data/Ps1zyz6x/versions/PV9KcrYQ/ScalableLux-0.1.6%2Bfabric.c25518a-all.jar"
      ],
      "fileSize": 182846
    },
    {
      "path": "mods/skyboxify-2.3+1.21.11-fabric.jar",
      "hashes": {
        "sha512": "3828f70fcd13ca015b31beeedab502cdf754fc57ab3b6c0718691b825843876f19391b9d7aedec83423eb1752e6642c01750b570035fd5b52fa4ba9f7cf2e525",
        "sha1": "0d8e47ea2439c6d855f97e6d0f9c0b0c13516f10"
      },
      "env": {
        "client": "required",
        "server": "required"
      },
      "downloads": [
        "https://cdn.modrinth.com/data/DWuwk8aA/versions/msQhwZIb/skyboxify-2.3%2B1.21.11-fabric.jar"
      ],
      "fileSize": 413652
    },
    {
      "path": "resourcepacks/SodiumTranslations.zip",
      "hashes": {
        "sha512": "543b46424d1b21469d0caf2ecfd77f34355ceef366c612402869984c8ab47d25dc3be095ee7536bff85bca44fdbffe3c94813f841dce99bcf5e5ac5dd3407113",
        "sha1": "ad2f3f20b116b95df522f454db200e72151e4a34"
      },
      "env": {
        "client": "required",
        "server": "required"
      },
      "downloads": [
        "https://cdn.modrinth.com/data/yfDziwn1/versions/t7Rc3DDV/SodiumTranslations.zip"
      ],
      "fileSize": 246685
    },
    {
      "path": "mods/fabric-language-kotlin-1.13.8+kotlin.2.3.0.jar",
      "hashes": {
        "sha1": "05fe02fe61232c4ddea4059e8103281424d5a2bd",
        "sha512": "90bf59f810ea62363bdd7b2ce85a6268b7db67d6d4ce5ae6555204bc7eff0446a6e17d60ef51ad41bf85e92ca430043a8f7c21157cbaee9279733304605cc4d0"
      },
      "env": {
        "server": "required",
        "client": "required"
      },
      "downloads": [
        "https://cdn.modrinth.com/data/Ha28R6CL/versions/N6D3uiZF/fabric-language-kotlin-1.13.8%2Bkotlin.2.3.0.jar"
      ],
      "fileSize": 7618852
    },
    {
      "path": "mods/entityculling-fabric-1.9.5-mc1.21.11.jar",
      "hashes": {
        "sha512": "1222e523900fafa6690f992d889471dbe9819de33ac72b0c26f6b6563a181befe714d0d737c608ca94c566c8c015f1fe6cb1b5286d7043468c244d040a27036e",
        "sha1": "e2e88c0b2286148e9547eb23d95d2e30e60ad753"
      },
      "env": {
        "server": "required",
        "client": "required"
      },
      "downloads": [
        "https://cdn.modrinth.com/data/NNAgCjsB/versions/Dx3xsUER/entityculling-fabric-1.9.5-mc1.21.11.jar"
      ],
      "fileSize": 1571825
    },
    {
      "path": "mods/optigui-2.3.0-beta.9+1.21.9.jar",
      "hashes": {
        "sha512": "76b1cc7a9a3da3eefa087d57d195e7afd014613d9bf801a1690964603ba58970cd208af3b8113c29e6d6d039af692893bb380f66053f706321b0a5a3f25ca607",
        "sha1": "d79e193539ad7920382648083e6c61b7fc053d2c"
      },
      "env": {
        "client": "required",
        "server": "required"
      },
      "downloads": [
        "https://cdn.modrinth.com/data/JuksLGBQ/versions/7aP1cWaK/optigui-2.3.0-beta.9%2B1.21.9.jar"
      ],
      "fileSize": 611520
    },
    {
      "path": "mods/NoChatReports-FABRIC-1.21.11-v2.18.0.jar",
      "hashes": {
        "sha512": "d2c35cc8d624616f441665aff67c0e366e4101dba243bad25ed3518170942c1a3c1a477b28805cd1a36c44513693b1c55e76bea627d3fced13927a3d67022ccc",
        "sha1": "4e519507bdd81ce2520da33f497a5f12469f5b10"
      },
      "env": {
        "client": "required",
        "server": "required"
      },
      "downloads": [
        "https://cdn.modrinth.com/data/qQyHxfxd/versions/rhykGstm/NoChatReports-FABRIC-1.21.11-v2.18.0.jar"
      ],
      "fileSize": 245492
    },
    {
      "path": "mods/moreculling-fabric-1.21.11-1.6.1.jar",
      "hashes": {
        "sha1": "caaaf33e625903028b4f6f842df50c6c01ba059b",
        "sha512": "86b9ab2123c8419963a10d14177e6337b13623e077b3a8d240c9575fe583b1eb377ce8e128b5caf3ab6cd958f25d8f0163131aef7de59791cd6683eef0703663"
      },
      "env": {
        "client": "required",
        "server": "required"
      },
      "downloads": [
        "https://cdn.modrinth.com/data/51shyZVL/versions/kWU8mVq5/moreculling-fabric-1.21.11-1.6.1.jar"
      ],
      "fileSize": 341925
    },
    {
      "path": "mods/fabric-api-0.141.2+1.21.11.jar",
      "hashes": {
        "sha1": "24e3ebda918036771748ce6a965e5948e1fd4def",
        "sha512": "3c1e7991ae72304a997bdbecc34a4bc742d4601349f000a7d9816b376a2e341c700f519cebb224f565d9b79d9c9492e1d7f918ec3f86e4f363e15df0c07f4b7e"
      },
      "env": {
        "client": "required",
        "server": "required"
      },
      "downloads": [
        "https://cdn.modrinth.com/data/P7dR8mSH/versions/L34yYPTD/fabric-api-0.141.2%2B1.21.11.jar"
      ],
      "fileSize": 2412410
    },
    {
      "path": "mods/caramelChat-mc1.21.9-fabric-1.2.2.jar",
      "hashes": {
        "sha1": "55edd6459843751d7cf3df08ac9960e3d929b2c3",
        "sha512": "a70bca801e626398c2f1c7ba1e53f0b5ab58c237e8f72db1a76419f6997ba78cf2bbb50a6c77d39c7aa5244736cab358cb51a077a7f5bf90d0c09971de017fd4"
      },
      "env": {
        "client": "required",
        "server": "required"
      },
      "downloads": [
        "https://cdn.modrinth.com/data/M4vJe1FJ/versions/Ule7YwhC/caramelChat-mc1.21.9-fabric-1.2.2.jar"
      ],
      "fileSize": 161633
    },
    {
      "path": "mods/yosbr-0.1.2.jar",
      "hashes": {
        "sha512": "254f2225f6446523aa8c8274e83b31e27f3b2afc8fe4f490fb1b169dd518e10c7993acda5db0ab597474ddf9d69506b5e794242fada1e2f89ed7bf9d412a8f78",
        "sha1": "f0340e9c0bc95d67f3f3e9c1cd79b61054af11f9"
      },
      "env": {
        "client": "required",
        "server": "required"
      },
      "downloads": [
        "https://cdn.modrinth.com/data/WwbubTsV/versions/KMOzdYko/yosbr-0.1.2.jar"
      ],
      "fileSize": 17373
    },
    {
      "path": "mods/sodium-shadowy-path-blocks-fabric-6.0.0.jar",
      "hashes": {
        "sha512": "a8a5dea1593e15052c671e477b04c36b91ceac9dc6f590792aa70ac591b1ba37fe49f1dbec94e8836a2010d476dcbc689d929fee520c75961901e799ae8c05b8",
        "sha1": "8195c99b870e7d961d61453e0e3192bbaf1d97f5"
      },
      "env": {
        "client": "required",
        "server": "required"
      },
      "downloads": [
        "https://cdn.modrinth.com/data/EIa1eiMm/versions/LpF3DIUM/sodium-shadowy-path-blocks-fabric-6.0.0.jar"
      ],
      "fileSize": 63459
    },
    {
      "path": "mods/Resourcify (1.21.11-fabric)-1.8.0.jar",
      "hashes": {
        "sha512": "6139a902db40fb0fd1e5f5b930f706ab2b40f2526b4fd9fca677cb496f4b633ca2cb1309aa46996a85387d8ec59a1c9ff3b5a3cd536174aacaf5c8f7915617b6",
        "sha1": "3c191f22bf74b2855454b97039dbeefbc9feea02"
      },
      "env": {
        "client": "required",
        "server": "required"
      },
      "downloads": [
        "https://cdn.modrinth.com/data/RLzHAoZe/versions/7Y4gDiMH/Resourcify%20%281.21.11-fabric%29-1.8.0.jar"
      ],
      "fileSize": 2565264
    },
    {
      "path": "mods/midnightlib-fabric-1.9.2+1.21.11.jar",
      "hashes": {
        "sha512": "2a9a14bc6e41ec84f4eb017f3b41ba0b2bf9a4c98ba1b677775c051dcc755c1694cf55a0758f49e91c6792de84198142ba678d57ae0f7def54bdaad4a7e7a182",
        "sha1": "b9617fa5722a8cdc321781a2b6dd97217fcfdc2a"
      },
      "env": {
        "client": "required",
        "server": "required"
      },
      "downloads": [
        "https://cdn.modrinth.com/data/codAaoxh/versions/OeTayxh3/midnightlib-fabric-1.9.2%2B1.21.11.jar"
      ],
      "fileSize": 58944
    }
  ],
  "dependencies": {
    "minecraft": "1.21.11",
    "fabric-loader": "0.18.4"
  }
}